"max","mean","min"
0.499041,0.485346,0.475579