"max","mean","min"
8.38645,4.92309,3.09568